Uuid,Void/Retire,Name,Concept Drug,Concept dosage form,Strength,_order:1000
8c0df027-e08e-4976-9a20-8606f1ce479c,,Tramadol 50mg/ml,Tramadol,Injectable,50mg/ml,
7bcb9b41-e85b-4bce-8a78-d903e4be0e14,,Tramadol 50mg,Tramadol,Comprimé,50mg,
f542e9e8-d4a2-432f-97c9-0da44f445903,,Diclofenac 75mg/3ml,Diclofenac,Injectable,75mg/3ml,
0cc83452-a995-4f55-a4c1-843a4b923c31,,Morphine 10mg/ml,Morphine,Injectable,10mg/ml,
f40e45c8-9af6-41fb-9d24-2ba571b8cb1c,,Morphine (Duramorph) 10mg/10ml,Morphine (Duramorph),Injectable,10mg/10ml,
76e1a684-fe88-4abe-90cf-45693bc450fb,,Dipirone 1g/2ml,Dipirone,Injectable,1g/2ml,
76b61dca-ae70-458c-994f-0d8f8321cd54,,Ibuprofen 400mg,Ibuprofen,Comprimé,400mg,
7b10c518-22e7-4cbf-9afc-dbf332cddf3a,,Paracetamol 500mg,Paracetamol,Comprimé,500mg,
428efd45-54d7-4294-b794-b8fe86c49220,,Paracetamol + Chlorzoxasone 325mg + 250mg,Paracetamol + Chlorzoxasone,Comprimé,325mg + 250mg,
1fd64f0b-280e-48a9-8b4b-6e3c75377732,,Morphine 10mg,Morphine,Comprimé,10mg,
83b9645a-31ce-482b-a487-4d1bb4865f7b,,Paracetamol 120mg/5ml,Paracetamol,Sirop/Susp,120mg/5ml,
c18b7c3a-059b-40aa-b004-bbbd5ab89108,,Ibuprofen 100mg/5ml,Ibuprofen,Sirop/Susp,100mg/5ml,
1b7f256b-bda2-490d-bc1a-372db4f06745,,Paracetamol 300mg,Paracetamol,Suppositoire,300mg,
2c6b44fa-599e-4939-b141-c0f9215ddd89,,Sevoflurane,Sevoflurane,Inhalation,,
33598fd5-893b-4be5-a1ab-a7a4d4b5fd8f,,Succinylcholine 20mg/ml,Succinylcholine,Injectable,20mg/ml,
4243b860-ddbb-4bf5-a7a9-8c484688e5bf,,Rocuronium 10mg/ml,Rocuronium,Injectable,10mg/ml,
2fbe1f19-515f-4310-a95d-990d0925ec3a,,Vecuronium 10mg/ml,Vecuronium,Injectable,10mg/ml,
b7ac231a-9e25-42ba-9a60-cb7e15d2cda0,,Neostigmine 100mg/ml,Neostigmine,Injectable,100mg/ml,
3e68a41c-3b48-49a2-80b6-b6c5dd00a867,,Fentanyl 0.1mg/2ml,Fentanyl,Injectable,0.1mg/2ml,
692c6a0f-ca6f-433b-97c5-a4e08061d9cf,,Ketamine 50mg/ml,Ketamine,Injectable,50mg/ml,
a8feae6d-0b74-419c-a3fa-abce7d218664,,Thiopental 1g,Thiopental,Injectable,1g,
53098edd-7300-42f7-851e-1b19ac4cbc31,,Propofol 10mg/ml,Propofol,Injectable,10mg/ml,
342c0a08-1639-4926-aae5-f17343e9b490,,Midazolam 5mg/5ml,Midazolam,Injectable,5mg/5ml,
b55d8877-5b3b-4336-ae8c-4707494a2df2,,Atropine 1mg/ml,Atropine,Injectable,1mg/ml,
75102dcb-49d6-4afc-85f3-523b1c5ab145,,Bupivacaine spinal heavy 0.005,Bupivacaine spinal heavy,Injectable,0.50%,
64ed9bea-d8aa-41d6-9b75-2aafdcdf5dbd,,Lidocaine 0.02,Lidocaine,Injectable,2%,
76fae7c9-0b64-449c-b1d5-6b409539b02c,,"Lidocaine + Epinephrine 2% + 1:50,000",Lidocaine + Epinephrine,Injectable,"2% + 1:50,000",
72fcf15e-e499-4ce8-adea-306e49142535,,Adrenaline 1mg/ml,Adrenaline,Injectable,1mg/ml,
2c34aeb3-af27-4488-a940-6da9a40c40af,,Diphenidramine 4mg,Diphenidramine,Comprimé,4mg,
4f655cad-a07c-4c74-99f4-2e7445c6090b,,Loratadine 10mg,Loratadine,Comprimé,10mg,
b7207905-0ece-4728-a7d5-46c2ede145e6,,Loratadine 5mg/5ml,Loratadine,Sirop,5mg/5ml,
b0b16c38-5588-4cd2-93e3-15429a391f52,,Hydrocortisone 100mg/vial,Hydrocortisone,Injectable,100mg/vial,
9b314067-9e1f-4662-905a-1c1164388e14,,Promethazine 25mg,Promethazine,Comprimé,25mg,
db14764a-eac8-47e9-a386-3f0cbc7a0a41,,Promethazine 12.5mg/5ml,Promethazine,Sirop,12.5mg/5ml,
2fd36536-5ffd-4020-a953-e48beb4a6038,,Promethazine 50mg/2ml,Promethazine,Injectable,50mg/2ml,
272c1647-532b-4d2c-818b-ed2e733fee6d,,Prednisolone 5mg,Prednisolone,Comprimé,5mg,
f97cfcb1-0a2f-45d4-9818-a69618fdb34e,,Ferrous sulfate + Folic acid 200mg/0.25mg,Ferrous sulfate + Folic acid,Comprimé,200mg/0.25mg,
540133a8-1cec-430e-866d-93ad6bec4c59,,Ferrous citrate + Folic acid 25mg/5ml,Ferrous citrate + Folic acid,Sirop,25mg/5ml,
62772846-9ae2-4430-b945-ae36a4590560,,Folic acid 5mg,Folic acid,Comprimé,5mg,
9e38f7df-2d5f-4827-af8f-bb4963da360f,,Complex B,Complex B,Injectable,,
89b0ba8f-ddaf-4301-8c62-420a1fbafb61,,"Complex B (B1, B6, B12) 500mg","Complex B (B1, B6, B12)",Comprimé,500mg,
206496c6-6d2a-44bb-b0a0-36f752500048,,Complex B (Sirop),Complex B,Sirop,,
531eed56-63ac-43ab-8776-390bc6ad01c7,,Multivitamin (adult),Multivitamin (adult),Comprimé,,
347e03df-e8c5-4451-a329-8306529ec969,,Multivitamin + Lysine (children),Multivitamin + Lysine (children),Sirop/Susp,,
5b0a49ad-ed67-4d89-b0b0-c299220d483f,,Ascorbic acid (Vit C) 500mg,Ascorbic acid (Vit C),Comprimé,500mg,
e2298bde-7e23-4818-9c52-28a0ac8a083a,,Ascorbic acid (Vit C) 100mg/ml,Ascorbic acid (Vit C),Gttes,100mg/ml,
ecd15614-dd32-4558-8103-b331eee16290,,Ascorbic acid (Vit C) 500mg/5ml,Ascorbic acid (Vit C),Sirop/Susp,500mg/5ml,
f5418975-2ea5-4521-bc0e-0a78243ca5e4,,Phytomenadione (Vit K) 10mg/ml,Phytomenadione (Vit K),Injectable,10mg/ml,
29f3184c-9f42-4dcb-901d-7c5326568cc5,,Proteines,Proteines,Powder,,
e47699e0-0e4e-4bab-ab3f-ee5be405d0e6,,Pyridoxine (Vitamin B6) 50mg,Pyridoxine (Vitamin B6),Comprimé,50mg,
7c1d6d6d-14d9-43dc-a9ca-d46bc345ca7b,,Zinc 10mg/ml,Zinc,Solution Orale,10mg/ml,
21520698-334d-4599-973c-bde507f75d5b,,"Retinol (Vitamin A) 200,000units",Retinol (Vitamin A),Gellule,"200,000units",
a2f1b569-2cf6-473c-8a65-d0d8116f5953,,Aspirin 81mg,Aspirin,Comprimé,81mg,
ed2524de-b622-4a85-80af-c9b884fe9e82,,Heparin 5000 unit/ml (5ml),Heparin,Injectable,5000 unit/ml (5ml),
382e6fc0-e397-4cc2-ac46-8c25e3d217f1,,Warfarin 5mg,Warfarin,Comprimé,5mg,
1995e0ba-c0a0-4844-8d39-a4f56b6e85cb,,Clopidogrel 75mg,Clopidogrel,Comprimé,75mg,
0036c6be-82b6-4540-928a-be2264e63f94,,Dopamine 200mg/5ml,Dopamine,Injectable,200mg/5ml,
0dfaad34-3631-4cab-bfa8-f031aad33a96,,Nitroglycerin 100mg,Nitroglycerin,Injectable,100mg,
92f2c520-73f6-42a8-a90a-903f9a921318,,Amiodarone 200mg,Amiodarone,Comprimé,200mg,
db84a4f8-db81-4d39-874c-08c0932ac848,,Amiodarone 150mg/3ml,Amiodarone,Injectable,150mg/3ml,
8311cc9e-b4f3-412b-b262-c3890bd69f5b,,Digoxin 0.25mg,Digoxin,Comprimé,0.25mg,
fb97d70b-90c9-4ccc-851a-626e45b600f1,,Digoxin 0.25mg/ml,Digoxin,Injectable,0.25mg/ml,
4032a767-8ae9-4b9b-ac5d-695dc007f6e1,,Enalapril 10mg,Enalapril,Comprimé,10mg,
af6fc544-7fe2-4972-984a-8825302b6620,,Enalapril 20mg,Enalapril,Comprimé,20mg,
56d91c3a-a9c2-43dd-9668-883314caf09f,,Captopril 50mg,Captopril,Comprimé,50mg,
deac383b-ed00-4731-a089-0c844a1ae448,,Losartan 50mg,Losartan,Comprimé,50mg,
6a2f1064-c021-4048-a721-6f55306eea77,,Nitroglycerin (Glycerine Trinitrate) 500 mcg,Nitroglycerin (Glycerine Trinitrate),Sublingual,500 mcg,
a340ffb5-4065-4a1c-9484-92df2bcb6c35,,Isosorbide dinitrate 5mg,Isosorbide dinitrate,Comprimé,5mg,
84286f4c-60fc-4d6f-8131-233bf6ae0009,,Hydralazine 20mg/ml,Hydralazine,Injectable,20mg/ml,
cc92d260-17b2-4d8d-a901-e1b1bc3604ed,,Methyldopa 250mg,Methyldopa,Comprimé,250mg,
26a2e403-0478-48ae-a3fa-d50b2e6067cc,,Labetalol 5mg/ml,Labetalol,Injectable,5mg/ml,
d4c5c3e7-f410-42c5-9f91-56649db3008f,,Nicardipine 2.5mg/ml,Nicardipine,Injectable,2.5mg/ml,
8a70396a-342c-4300-80c2-9dde8380e159,,Amlodipine 10mg,Amlodipine,Comprimé,10mg,
657e4018-f0e5-4490-a808-4afa8d32fe76,,Hydrochlorothiazide 25mg,Hydrochlorothiazide,Comprimé,25mg,
d07ce597-f815-4349-ab5c-203bf8d01966,,Hydrochlorothiazide 50mg,Hydrochlorothiazide,Comprimé,50mg,
fe522ad7-e03a-48ac-8f92-6190d1030730,,Spironolactone 25mg,Spironolactone,Comprimé,25mg,
c987e8d8-0cac-41f6-a4db-65f82501b94d,,Sprironolactone 100mg,Sprironolactone,Comprimé,100mg,
246d94ed-ef7e-4fb4-86b7-b2d74b88d1c8,,Furosemide 40mg,Furosemide,Comprimé,40mg,
f1ed3a57-3ba9-48a8-95a5-95f564724650,,Furosemide 10mg/ml,Furosemide,Injectable,10mg/ml,
bfda323b-8362-4bd9-a88c-c1cf874a4a9b,,Verapamil 40mg,Verapamil,Comprimé,40mg,
fd058059-9e8e-489c-94da-839f59755328,,Verapamil 2.5mg/ml,Verapamil,Injectable,2.5mg/ml,
a6165cde-dd50-4081-adb9-12de17fb39a8,,Nifedepine SR 20mg,Nifedepine SR,Comprimé,20mg,
199846be-08fb-4841-890b-5ba5a9287cb0,,Carvedilol 6.25,Carvedilol,Comprimé,6.25,
7e0f28d1-307e-4da9-a67a-a7fb29113ac4,,Carvedilol 25mg,Carvedilol,Comprimé,25mg,
0e06c745-8006-4ffa-b24f-74a729e8d3c8,,Metoprolol tartrate 50mg,Metoprolol tartrate,Comprimé,50mg,
357c94a9-69d1-49ff-a563-80a1e93590c7,,Atenolol 50mg,Atenolol,Comprimé,50mg,
124ac47c-ad5d-4d83-aea1-535565c13ff1,,Propranalol 40mg,Propranalol,Comprimé,40mg,
1b8ecb60-df71-44a8-8756-1a7a84e42854,,Simvastatin 20mg,Simvastatin,Comprimé,20mg,
2962ab58-9ffd-4d86-9638-83bbe8cda14c,,Diazepam 5mg,Diazepam,Comprimé,5mg,
ceea0ec3-ca85-4704-807f-6012bd2ff687,,Diazepam 10mg/2ml,Diazepam,Injectable,10mg/2ml,
bea31289-4512-4ac8-92f5-acf3b690bcda,,Magnesium sulfate 0.5,Magnesium sulfate,Injectable,50%,
c0b8bd28-9830-4254-bda2-b3290e46fc6c,,Phenobarbital 200mg/ml,Phenobarbital,Injectable,200mg/ml,
79c757a0-0fed-4ca2-952e-7e83e3c5c199,,Phenobarbital 30mg,Phenobarbital,Comprimé,30mg,
ed0e5727-698b-4ba2-986e-d5c88583fffb,,Phenobarbital 20mg/5ml,Phenobarbital,Sirop/Susp,20mg/5ml,
03ffa083-fe2f-46eb-9d3b-39e5495d8639,,Phenytoin 200mg/2ml,Phenytoin,Injectable,200mg/2ml,
9d9e68c8-5b41-4d01-8fc3-b1f892fc96c3,,Naloxone 0.4mg/ml,Naloxone,Injectable,0.4mg/ml,
53e793ca-75f9-4612-9eb4-be95bd546fda,,Protamine 50mg/5ml,Protamine,Injectable,50mg/5ml,
a1e86ac9-b2af-4a08-b312-b616cee312c4,,Phytomenadione (Vit K) 10mg/ml (Injectable),Phytomenadione (Vit K),Injectable,10mg/ml,
e4fac8d4-92a6-434b-9b36-b813f69cb4e1,,Metformin 500mg,Metformin,Comprimé,500mg,
f7954b05-4669-482c-90bc-b2b0194dde9e,,Metformin 850mg,Metformin,Comprimé,850mg,
1c7725f5-198f-40bd-a3e5-5986e3ac6a58,,Glibenclamide (Glyburide) 5mg,Glibenclamide (Glyburide),Comprimé,5mg,
9566de5f-424b-4061-9e3f-0ffa519bd8db,,Insulin regular 100ui/ml,Insulin regular,Injectable,100ui/ml,
d962fd93-3ace-4727-bd99-04034bdd0042,,Insulin NPH 100ui/ml,Insulin NPH,Injectable,100ui/ml,
0435862f-2ba4-4202-a552-1a997681f10f,,Insulin 70/30 100ui/ml,Insulin 70/30,Injectable,100ui/ml,
4bee0caa-52ad-48fb-afdb-86018d919080,,Medroxyprogesterone 10mg,Medroxyprogesterone,Comprimé,10mg,
af9abec4-b0b1-4b18-8d9e-18afb9a2ef5f,,5% Dextrose 5% - 1000ml,5% Dextrose,Injectable,5% - 1000ml,
7ff4b72d-5a0e-414c-a9fb-e251936e0782,,10 % Dextrose 10% - 1000ml,10 % Dextrose,Injectable,10% - 1000ml,
8a464309-6a2c-40b3-8b56-e555e26edc8f,,50% Dextrose 0.5,50% Dextrose,Injectable,50%,
8a7c56f3-329c-454f-9fa6-e9785483c0ff,,5% Dextrose + 0.9% Sodium Chloride 5% - 0.9% - 1000ml,5% Dextrose + 0.9% Sodium Chloride,Injectable,5% - 0.9% - 1000ml,
1b3dd02c-3f98-438a-a6a9-d3d4dab397a1,,5% Dextrose + 0.45% Sodium Chloride 5% - 0.45% - 1000ml,5% Dextrose + 0.45% Sodium Chloride,Injectable,5% - 0.45% - 1000ml,
caf69398-2cd2-4d86-85b6-48a5c7345dce,,0.9% Sodium Chloride 0.9% - 1000ml,0.9% Sodium Chloride,Injectable,0.9% - 1000ml,
0e882054-b023-4884-8e22-58ca1e8f5b80,,0.45% Sodium Chloride 0.45% - 1000ml,0.45% Sodium Chloride,Injectable,0.45% - 1000ml,
cb0d7b8c-ab95-43a9-a3a8-e8071e8345c8,,Lactated Ringers,Lactated Ringers,Injectable,,
27c453a9-1c46-454c-9cf9-8ac5830b5070,,Albumin 0.25,Albumin,Injectable,25%,
33ed8347-13d9-4ddb-a8b9-14912876d10b,,Dextran 500ml,Dextran,Injectable,500ml,
b3866476-6cbe-46b4-9699-3a9fcc071fae,,Gelofusine 0.04,Gelofusine,Injectable,4%,
9b0ba38f-77f4-44c1-9e90-6e38a71e3557,,Mannitol 0.2,Mannitol,Injectable,20%,
cd5ad30b-a103-4633-a16c-6bd6fe70dbb9,,Potassium chloride 13.4meq%,Potassium chloride,Injectable,13.4meq%,
9aa4897b-4822-44a1-a645-6a8c962b772d,,Calcium chloride 0.1,Calcium chloride,Injectable,10%,
d0fde3a5-06b0-4838-bfbb-5061dcdc49bf,,Calcium gluconate 0.1,Calcium gluconate,Injectable,10%,
aa8f5268-3cf7-44ef-b539-2885071a132b,,Magnesium sulfate 0.5 (Injectable),Magnesium sulfate,Injectable,50%,
1aab0add-d4a3-48eb-afbf-40c2394b359f,,Sel de rehydratation oral,Sel de rehydratation oral,Granules,,
a244c66e-1cb7-4ae1-bd60-fbbf5894f28a,,Sodium bicarbonate 0.084,Sodium bicarbonate,Injectable,8.4%,
57a1f234-ab0e-4439-a61f-1c3b2835f5a2,,Metoclopramide 10mg,Metoclopramide,Comprimé,10mg,
ce924505-eab0-4147-aeec-42fb8beedbae,,Aluminum + Magnesium hydroxide + Simethicone,Aluminum + Magnesium hydroxide + Simethicone,Sirop/Susp,,
6975b076-176f-4abc-a9f9-02c82c3dac4a,,Bisacodyl 5mg,Bisacodyl,Comprimé,5mg,
225b912b-d6a5-431b-ac7f-c3c224d8f9d8,,Metoclopramide 5mg/ml,Metoclopramide,Injectable,5mg/ml,
c1688613-2bb2-490e-912e-0eaf850f6550,,Pantoprazol 40mg,Pantoprazol,Comprimé,40mg,
51eab236-da83-47d8-8f4e-12a71d083b96,,Ranitidine 25mg/ml,Ranitidine,Injectable,25mg/ml,
9d788446-b323-4152-86af-44f433c30109,,Sodium phosphate (Fleet's),Sodium phosphate (Fleet's),Enema,,
53e62ee0-a84b-4f17-97b0-ffe30aa87815,,Methylergometrine 200mcg/ml,Methylergometrine,Injectable,200mcg/ml,
2aab4b34-7460-482d-acf0-c63117b52d51,,Methylergometrine 250mcg,Methylergometrine,Comprimé,250mcg,
ef159329-94ba-48a8-8189-4ebb9a2781de,,Misoprostol 200 mcg,Misoprostol,Comprimé,200 mcg,
12f2f4e4-9508-4733-9f8b-0cc2a21f6a21,,Nifedepine SR 20mg (Comprimé),Nifedepine SR,Comprimé,20mg,
fe1bf6cc-48d8-44f2-abb6-5f5466328c6b,,Oxytocin 10units/amp,Oxytocin,Injectable,10units/amp,
b0589703-bfe4-4c80-8a16-6a332966f6b0,,"Nitrofurasone, Neomycin, Dexamethasone (Otofuran®) 62mg/10ml","Nitrofurasone, Neomycin, Dexamethasone (Otofuran®)",Drops,62mg/10ml,
7287db17-79c9-4fc5-8833-4d99dfedb08e,,Ciprofloxacin 3mg/ml,Ciprofloxacin,Drops,3mg/ml,
5999475e-1787-45c7-b4dc-b69329269129,,Ciprofloxacin 3mg/g,Ciprofloxacin,Ong,3mg/g,
36193758-9ba6-43fe-a16c-d9be8ba390a3,,Latanoprost 0.05,Latanoprost,Drops,5%,
fb7a8825-0dbc-44c8-938a-c65391edd09a,,Trobramycin 3mg/ml,Trobramycin,Drops,3mg/ml,
7133c7a0-e62f-4b89-b74b-80289e74bf75,,Tobramycin + Dexa 4mg/ml,Tobramycin + Dexa,Drops,4mg/ml,
db820d65-27c7-48ac-8cd4-66ab6cbed55e,,Tobramycin + Dexa 4mg/G,Tobramycin + Dexa,Ong,4mg/G,
2b86993b-c1ae-4bbc-9be5-1d1cd8d331a3,,Ketorolac 0.005,Ketorolac,Drops,0.50%,
d710649b-db61-4df7-a2e6-3e65c85bf9cf,,Hialorunate de Na+ 4mg/ml,Hialorunate de Na+,Drops,4mg/ml,
ef02e9fe-c7bf-4212-84b5-0e6388b7f2bb,,Tetracycline,Tetracycline,Ong,,
7bbfe475-d9aa-43b6-9fc7-b258cc684e44,,Timolol 0.05,Timolol,Drops,5%,
f0316031-4a81-4b98-a4e4-ab7d13e9c7bb,,Ofloxacin 0.003,Ofloxacin,Drops,0%,
9e6774fa-4143-465b-ae11-e3299c417699,,Predisolone 0.01,Predisolone,Drops,1.00%,
ea1580ec-a9c3-43bd-9c1c-6f47217e5a4c,,Sodium hyaluronate + Oxymetazoline,Sodium hyaluronate + Oxymetazoline,Drops,,
43d93a9c-07c8-47da-87da-6c715a4f41b3,,Sodium chloride 0.05,Sodium chloride,Drops,5%,
7e88174c-c2cc-4778-a48b-0d9ef0aa8ff3,,Brimonidine tartrate 0.0015,Brimonidine tartrate,Drops,0%,
988711bf-97c6-4648-b37b-e5303b2d8812,,Betaxolol,Betaxolol,Drops,,
784ae4ff-bcd1-4970-8109-5fff71220f52,,Brimonidine + timolol 0.2% + 0.5%,Brimonidine + timolol,Drops,0.2% + 0.5%,
0b7b2e0d-9c25-4e6e-849c-0d0df8fff37d,,Dorzolamine + timolol 25mg/ml and 5mg/ml,Dorzolamine + timolol,Drops,25mg/ml and 5mg/ml,
07b552bb-316b-4257-ba84-3af41f0cc2d1,,Pilocarpine 0.01,Pilocarpine,Drops,1%,
2faceb41-1cac-4fe4-9726-a2f65a0bdcee,,Cyclopentolate 0.02,Cyclopentolate,Drops,2%,
808133e9-7153-447b-9211-9fafb77838ad,,Propacaine 0.005,Propacaine,Drops,1%,
02e50e07-ccfe-46c1-b583-be744679f1f8,,Phenylephrine 0.1,Phenylephrine,Drops,10.00%,
d74ea5af-76c0-4f08-a039-3191971303f1,,Salbutamol,Salbutamol,Injectable/Inh,,
efa803b5-fad6-4fc2-8cfa-0da040381a50,,Albuterol 2.5mg/3ml,Albuterol,Sol. Inhalation,2.5mg/3ml,
80a88130-3e47-45aa-8e8a-b049cd10ae4e,,Dexamethasone 4mg/ml,Dexamethasone,Injectable,4mg/ml,
744b8029-5843-4c9c-9f18-9398dea94173,,Hydrocortisone 100mg,Hydrocortisone,Injectable,100mg,
9c2acc9a-7968-4031-960b-617e8b0a54fb,,Prednisolone 5mg (Comprimé),Prednisolone,Comprimé,5mg,
a3a57ac4-6820-4acf-95c8-2e7a219cd264,,Prednisolone 20mg,Prednisolone,Comprimé,20mg,
f11c703a-9ead-4075-9b89-34a4074181be,,Prednisolone 15mg/5ml,Prednisolone,Sirop/Susp,15mg/5ml,
67939d7a-527f-4187-a617-3229a17fb061,,Salbutamol + Iprotopium bromide 100mcg/inh.,Salbutamol + Iprotopium bromide,Inhaler,100mcg/inh.,
51cc640a-6f20-4652-9ffc-56c3c00d8145,,Salbutamol 4mg,Salbutamol,Comprimé,4mg,
ada7c5b6-7f6d-4560-b449-42400c3c7246,,Benzyl benzoate 0.25,Benzyl benzoate,Lotion,25%,
26b53513-7de2-4239-b3c0-c0c16cb555ca,,Alcohol 70deg (70%),Alcohol,Liquid,70deg (70%),
25718f1e-f386-4ac5-95ab-467a23f514d9,,Calamine 0.08,Calamine,Lotion,8%,
9c693c2a-bb55-4782-b062-027481c27f80,,Chlorhexidine,Chlorhexidine,Mouthwash,,
64c57bd3-2bc8-4c5d-8ecb-f48d0935895f,,Eucerin,Eucerin,Lotion,,
9c6b7df6-17da-465a-bbea-3bf6bcc2a638,,Hemarrhoidal,Hemarrhoidal,Ointment (Onguent),,
e98ad2ca-bfc9-4795-91ee-4fd3f0ee0744,,Hydrocortisone 0.01,Hydrocortisone,Cream,1%,
3c7af859-20d3-4854-bc2f-adb443018a6c,,Hydrogen Peroxide 240ml,Hydrogen Peroxide,Liquid,240ml,
7a631bb9-26de-4d63-a6bf-0e9391223b4d,,Ketoconazole 0.02,Ketoconazole,Cream,2%,
4b9e05b3-0ca9-4a84-9739-2ff50e1d30e4,,Ketoconazole 0.02 (Shampoo),Ketoconazole,Shampoo,2%,
2ff886f1-ae00-4d18-9229-721814aed168,,Mineral oil,Mineral oil,Oil,,
208a413f-190a-43da-8c6c-7b02e7a03814,,Neomycin / Bacitracin,Neomycin / Bacitracin,Ointment,,
a2d4bed4-e001-4f2d-997c-67ebfa361731,,"Permanganate potassium 1:10,000",Permanganate potassium,Solution,"1:10,000",
a51f8def-d5e0-4577-8236-1cd2692d3ef7,,Petrolatum,Petrolatum,Ointment,,
8abbd10a-14e0-430d-835c-04991c4b9e2f,,Povidone iodine,Povidone iodine,Solution,,
bbdf7115-c4c1-4f03-8c7b-4d73c6c018f6,,Silver sulfadiazine 0.01,Silver sulfadiazine,Cream,1%,
15a9c2b9-c112-41cc-8279-9835c4fbfa2d,,Zinc,Zinc,Ointment,,
60e62212-745b-41e9-9da4-4730f0471635,,Albendazole 400mg,Albendazole,Comprimé,400mg,
46cb6cc5-4092-49cd-b551-fd50644094af,,Albendazole 400mg/10ml,Albendazole,Sirop/Susp,400mg/10ml,
018969f5-deb0-429d-aa9c-699c27b2d992,,Amoxicillin 500mg,Amoxicillin,Comprimé,500mg,
6ac37ac2-20ba-40df-af07-cc711b4f1981,,Amoxicillin 250mg/5ml,Amoxicillin,Sirop/Susp,250mg/5ml,
fbd3ed0a-d79c-4438-b1a4-7472e4b1d726,,Amoxicillin / Clavulanic acid 875mg + 125mg,Amoxicillin / Clavulanic acid,Comprimé,875mg + 125mg,
d9eacc00-d112-4140-b116-53e849f14f72,,Amoxicillin / Clavulanic acid 250mg + 62.5mg/5ml,Amoxicillin / Clavulanic acid,Sirop/Susp,250mg + 62.5mg/5ml,
b8ee45aa-b2d8-4a4c-82d2-7660870baae8,,Ampicillin 1g,Ampicillin,Injectable,1g,
f5b8723f-de8f-471d-be50-e2fcb28c4548,,Azithromycin 500mg,Azithromycin,Comprimé,500mg,
883ee1bc-75d5-4fba-97d6-fb41498c8280,,Azithromycin 200mg/5ml,Azithromycin,Sirop/Susp,200mg/5ml,
2a6d7523-3843-4920-bd44-cde7551e5d84,,Benzathine PCN 2.4MU,Benzathine PCN,Injectable,2.4MU,
1116fb0e-21c9-4ff6-ba6d-0b60321c1ae9,,Benzyl PCN 5MU,Benzyl PCN,Injectable,5MU,
a12ac266-a17e-437c-aa81-1fe3e59b568d,,Benzyl PCN Procaine 3MU + 1 MU,Benzyl PCN Procaine,Injectable,3MU + 1 MU,
697aa56b-2dbb-45d7-9123-5e8bc944a2b1,,Cefalexin 500mg,Cefalexin,Comprimé,500mg,
a441c51b-7404-4f41-abcf-a37d2a259b67,,Cefalexin 250mg/5ml,Cefalexin,Susp.,250mg/5ml,
a3963853-b780-46c8-841f-9ca88308f911,,Cefazolin 1g,Cefazolin,Injectable,1g,
3ee8fd44-febd-4356-9fd5-0e82513d5292,,Cefotaxime 1g,Cefotaxime,Injectable,1g,
62812601-6ca5-4629-b25b-15c610977727,,Ceftriaxone 1g,Ceftriaxone,Injectable,1g,
c712b871-8eeb-4c43-b1a6-7fafb64f6f6c,,Ciprofloxacin 500mg,Ciprofloxacin,Comprimé,500mg,
63b9534b-2ed2-4038-87eb-2794e9a11abf,,Clarithromycin 500mg,Clarithromycin,Comprimé,500mg,
7dfc5166-fbd8-46f6-a6c6-17d035bf7716,,Cloxacillin 500mg,Cloxacillin,Comprimé,500mg,
402c622a-c591-4b90-99c6-9c232d1b20fa,,Cloxacillin 500mg (Injectable),Cloxacillin,Injectable,500mg,
d3da0611-d39c-4153-a520-a3b673b73b78,,Cloxacillin 250mg/5ml,Cloxacillin,Susp.,250mg/5ml,
2ffbe45c-9b46-48d5-a70e-a000955ce826,,Co-trimoxazole 480mg,Co-trimoxazole,Comprimé,480mg,
1b8ffc2c-de0e-419a-acfb-f9b6c2fb9289,,Co-trimoxazole 200mg + 40mg/5ml,Co-trimoxazole,Sirop/Susp,200mg + 40mg/5ml,
d67c465a-39ec-49bb-91ac-106ae319e4be,,Doxycycline 100mg,Doxycycline,Comprimé,100mg,
fc4de68c-83f0-4b51-aa30-b0559decf883,,Erythromycin 500mg,Erythromycin,Comprimé,500mg,
4b18b4b9-ad92-4a8c-b811-fe412dc451ea,,Erythromycin 250mg/5ml,Erythromycin,Sirop/Susp,250mg/5ml,
3037b9cc-ca74-4d6d-9291-572b0ce5ecf0,,Fluconazole 150mg,Fluconazole,Comprimé,150mg,
25892fdd-2c70-47ec-8a18-285f68f4b879,,Gentamicin 80mg/2ml,Gentamicin,Injectable,80mg/2ml,
96d5f39d-9cd8-4b95-965d-da88b538d324,,Griseofulvin 500mg,Griseofulvin,Comprimé,500mg,
33e4342c-3273-4467-853d-7ad0f2edbf6c,,Metronidazole 500mg,Metronidazole,Comprimé,500mg,
24175487-8e17-4465-9eb7-f4ef6275b2f8,,Metronidazole 500mg (Injectable),Metronidazole,Injectable,500mg,
78da7e2a-d06e-4488-b719-7a01f61df60e,,Metronidazole 250mg/5ml,Metronidazole,Sirop/Susp,250mg/5ml,
15ca41c0-c20e-4aa0-bf0b-81a6ea9491b3,,"Nystatin 100,000units",Nystatin,Ovule,"100,000units",
8f7a537d-982c-4e68-b548-b1f794fb2b96,,"Nystatin 100,000units/ml",Nystatin,Sirop/Susp,"100,000units/ml",
c9fd2d4c-65d9-40c8-b1bb-f78a8b8f7535,,"Nystatin 500,000units",Nystatin,Comprimé,"500,000units",
28d125d0-cf88-4777-95ed-67bd6733d268,,"Nystatin + Metronidazole 1,000,000units + 500mg",Nystatin + Metronidazole,Ovule,"1,000,000units + 500mg",
0119bbdc-c79c-4018-82e9-2cd2cf0907b9,,Quinine sulfate 600mg/2ml,Quinine sulfate,Injectable,600mg/2ml,
5ef5c363-75c1-4b98-be53-77d38ce942da,,Serum antitetatique 1500ui/ml,Serum antitetatique,Injectable,1500ui/ml,
100343d3-ecd6-49f7-9a5b-2f48ec472ab9,,Vancomycin 500mg,Vancomycin,Injectable,500mg,
dc9a19a2-527b-47e6-8805-13be091ad33f,,Ethambutol 100mg + 400mg,Ethambutol,Comprimé,100mg + 400mg,
681ce1e1-9055-4933-972e-27f5e08ee2cf,,Isoniazide 100mg,Isoniazide,Comprimé,100mg,
298a36c8-d2ef-4490-830c-3d7978e2d99c,,Isoniazide 300mg,Isoniazide,Comprimé,300mg,
044a87c6-bf0a-4179-95b9-2b103353ef8f,,Pyrazinamide 400mg,Pyrazinamide,Comprimé,400mg,
4ecac9ec-29a2-4f0e-bac2-ebda3953dd84,,Rifampicine 300mg,Rifampicine,Comprimé,300mg,
49f1e096-7b5b-43cc-9596-5b0ed271239f,,Rifampicine + Isoniazide (INH) 60mg + 30mg,Rifampicine + Isoniazide (INH),Comprimé,60mg + 30mg,
7bb5a7c2-a6f2-476e-9775-812e39f366d2,,Rifampicine + Isoniazide (INH) 75mg + 150mg,Rifampicine + Isoniazide (INH),Comprimé,75mg + 150mg,
a06500b1-d66d-4715-9bfd-e2c40d0138c2,,Rifampicine + Isoniazide + Pyrazinamide 60mg + 30mg + 150mg,Rifampicine + Isoniazide + Pyrazinamide,Comprimé,60mg + 30mg + 150mg,
a2695797-c4f4-4680-b452-5a4400cb72e2,,Rifampicine + Isoniazide + Pyrazinamide 150mg + 75mg + 400mg,Rifampicine + Isoniazide + Pyrazinamide,Comprimé,150mg + 75mg + 400mg,
cd29cbff-e15c-4b5a-a24b-d8e5df0f7c4c,,Rifampicine + Isoniazide + Pyrazinamide + Ethambutol 150mg + 75mg + 400mg + 275mg,Rifampicine + Isoniazide + Pyrazinamide + Ethambutol,Comprimé,150mg + 75mg + 400mg + 275mg,
33638c50-3a8d-46a6-bfc2-27a12870e0e0,,Rifampicine + Izsoniazide + Ethambutol 150mg + 75mg + 275mg,Rifampicine + Izsoniazide + Ethambutol,Comprimé,150mg + 75mg + 275mg,
06182aaf-d6f1-4327-a70d-cdd993ea0ac9,,Streptomycine 1g,Streptomycine,Pppi,1g,
17935b66-d619-4955-ad66-c40b872c5d49,,Abacavir (ABC) 300mg,Abacavir (ABC),Comprimé,300mg,
2d83dad5-59d2-477b-96d7-1334a492642e,,Abacavir (ABC) 100mg/5ml,Abacavir (ABC),Sirop,100mg/5ml,
a753b6bc-882b-4a3b-b3e9-11d5e7518622,,Atazanavir + Ritonavir 300mg,Atazanavir + Ritonavir,Comprimé,300mg,
9a4b6eee-d7fe-4e25-b810-70f05ac4005d,,Didanosine (DDI) 25mg + 100mg,Didanosine (DDI),Comprimé,25mg + 100mg,
071123bd-f80e-4e79-9f55-fdd9fabe5c0d,,Didanosine (DDI) 125mg + 200mg,Didanosine (DDI),Comprimé,125mg + 200mg,
e9861b89-4455-4612-a2b6-51d1db98bd48,,Didanosine (DDI) 250mg,Didanosine (DDI),Gelule Suspension Buvable,250mg,
a2b86963-3c97-4e90-9b1f-45eb3f7321e5,,Efavirenz (ENV ou EFZ) 50mg + 100mg + 200mg,Efavirenz (ENV ou EFZ),Gelule,50mg + 100mg + 200mg,
a53c64d8-9893-4132-991c-e251ff2e823d,,Efavirenz (ENV ou EFZ) 600mg,Efavirenz (ENV ou EFZ),Comprimé,600mg,
7d90fc8f-3270-4cbd-bce0-bbd83045823e,,Efavirenz + Lamivudine + Tenofovir 60mg + 300mg + 300mg,Efavirenz + Lamivudine + Tenofovir,Comprimé,60mg + 300mg + 300mg,
8472a9a7-3e72-405f-9c4c-060ccfa907c5,,Lamivudine (3TC) 150mg,Lamivudine (3TC),Comprimé,150mg,
c204a8b2-a7cc-4f0f-b5c8-9598fa8d9d2e,,Lamivudine (3TC) 50mg/5ml,Lamivudine (3TC),Sirop,50mg/5ml,
9ebacb4d-dc5f-413e-87a4-45f5c245df4f,,Lamivudine + Tenofovir 300mg + 300mg,Lamivudine + Tenofovir,Comprimé,300mg + 300mg,
a8f7f8a4-e2d0-4e4b-85d3-d26208d505a3,,Lopinavir + Ritonavir (LPV/r) 200mg/50mg + 100mg/25mg,Lopinavir + Ritonavir (LPV/r),Comprimé Pelliculé,200mg/50mg + 100mg/25mg,
91f5024f-3c2b-4060-ac19-0af6b098950f,,Nevirapine (NVP) 200mg,Nevirapine (NVP),Comprimé,200mg,
3bebaa42-b6c3-49ea-b6ba-eabf094ed971,,Nevirapine (NVP) 50mg/5ml,Nevirapine (NVP),Suspension,50mg/5ml,
71f8b063-d8d4-4ce1-9e52-d1c3f89c0b39,,Tenofovir 300mg,Tenofovir,Gelule,300mg,
ac0f1811-2901-45e1-a152-f5532c81259e,,Tenofovir 10mg/ml,Tenofovir,Sirop,10mg/ml,
fe12456f-5d47-4fb4-8e64-ee048c8c00b5,,Zidovudine (AZT) 250mg + 300mg,Zidovudine (AZT),Comprimé,250mg + 300mg,
8f06fb35-0ed1-44f5-9118-0a0d885ae1d7,,Zidovudine (AZT) 100mg,Zidovudine (AZT),Gelule,100mg,
c226dc60-f562-4016-b8c4-f6286a38aa25,,Zidovudine (AZT) 50mg/5ml,Zidovudine (AZT),Sirop,50mg/5ml,
661c0bbd-f2b1-44a1-844d-923ae505ffdf,,Zidovudine + Lamivudine (AZT/3TC) 300mg + 150mg,Zidovudine + Lamivudine (AZT/3TC),Comprimé,300mg + 150mg,
82552fa2-4dbc-49d7-b19f-46440054524a,,Zidovudine + Lamivudine (AZT/3TC) 30mg + 60mg,Zidovudine + Lamivudine (AZT/3TC),Comprimé,30mg + 60mg,
5894863a-5675-444b-8336-048398b466cf,,Zidovudine + Lamivudine (AZT/3TC) 150mg + 300mg,Zidovudine + Lamivudine (AZT/3TC),Comprimé,150mg + 300mg,
7d069967-f2b6-4a3b-8389-c73327b59cd0,,Zidovudine + Lamivudine + Nevi rapine (AZT/3TC/NVP) 30mg + 50mg + 60mg,Zidovudine + Lamivudine + Nevi rapine (AZT/3TC/NVP),Comprimé,30mg + 50mg + 60mg,
1c54ad17-cc65-4e11-91f3-ac40377f7646,,Zidovudine + Lamivudine + Nevi rapine (AZT/3TC/NVP) 150mg + 200mg + 300mg,Zidovudine + Lamivudine + Nevi rapine (AZT/3TC/NVP),Comprimé,150mg + 200mg + 300mg,